Workbook

Sheet Operational Income (2)
A1: ورودی های عملیاتی
A2: ردیف | D2: بهمن 1403 | E2: اسفند 1403 | H2: فروردین 1404 | K2: ماه 4 | N2: ماه 5 | Q2: ماه 6
D3: 30 | E3: 10 | F3: 20 | G3: 30 | H3: 10 | I3: 20 | J3: 30 | K3: 10 | L3: 20 | M3: 30 | N3: 10 | O3: 20 | P3: 30 | Q3: 10 | R3: 20 | S3: 30
A4: پروژه واحدهای 56 و 57 آبادان | B4: تعدیل 3 | C4: مبلغ ناخالص | D4: =47910729957 -> 47910729957
C5: بیمه (5%) | D5: =-(D4*0.05) -> -2.3955365e+09 | E5: =-(E4*0.05) -> 0 | F5: =-(F4*0.05) -> 0 | G5: =-(G4*0.05) -> 0 | H5: =-(H4*0.05) -> 0 | I5: =-(I4*0.05) -> 0 | J5: =-(J4*0.05) -> 0
C6: پیش دریافت (20%)
C7: حسن انجام کار (10%) | D7: =-(D4*0.1) -> -4.791073e+09 | E7: =-(E4*0.1) -> 0 | F7: =-(F4*0.1) -> 0 | G7: =-(G4*0.1) -> 0 | H7: =-(H4*0.1) -> 0 | I7: =-(I4*0.1) -> 0 | J7: =-(J4*0.1) -> 0
C8: سایر کسورات
C9: مبلغ خالص | D9: =D4+D5+D6+D7+D8 -> 4.072412e+10 | E9: =E4+E5+E6+E7+E8 -> 0 | F9: =F4+F5+F6+F7+F8 -> 0 | G9: =G4+G5+G6+G7+G8 -> 0 | H9: =H4+H5+H6+H7+H8 -> 0 | I9: =I4+I5+I6+I7+I8 -> 0 | J9: =J4+J5+J6+J7+J8 -> 0
C10: ارزش افزوده | D10: =D4*0.1 -> 4.791073e+09 | E10: =E4*0.1 -> 0 | F10: =F4*0.1 -> 0 | G10: =G4*0.1 -> 0 | H10: =H4*0.1 -> 0 | I10: =I4*0.1 -> 0 | J10: =J4*0.1 -> 0
A11: پروژه واحدهای 56 و 57 آبادان | B11: صورت وضعیت 11 (آذر) | C11: مبلغ ناخالص | D11: 157051629551
C12: بیمه (5%) | D12: =-(D11*0.05) -> -7.8525815e+09 | E12: =-(E11*0.05) -> 0 | F12: =-(F11*0.05) -> 0 | G12: =-(G11*0.05) -> 0 | H12: =-(H11*0.05) -> 0 | I12: =-(I11*0.05) -> 0 | J12: =-(J11*0.05) -> 0
C13: پیش دریافت (20%) | D13: =-(D11*0.2) -> -3.1410326e+10
C14: حسن انجام کار (10%) | D14: =-(D11*0.1) -> -1.5705163e+10 | E14: =-(E11*0.1) -> 0 | F14: =-(F11*0.1) -> 0 | G14: =-(G11*0.1) -> 0 | H14: =-(H11*0.1) -> 0 | I14: =-(I11*0.1) -> 0 | J14: =-(J11*0.1) -> 0
C15: سایر کسورات
C16: مبلغ خالص | D16: =D11+D12+D13+D14+D15 -> 1.0208356e+11 | E16: =E11+E12+E13+E14+E15 -> 0 | F16: =F11+F12+F13+F14+F15 -> 0 | G16: =G11+G12+G13+G14+G15 -> 0 | H16: =H11+H12+H13+H14+H15 -> 0 | I16: =I11+I12+I13+I14+I15 -> 0 | J16: =J11+J12+J13+J14+J15 -> 0
C17: ارزش افزوده | D17: =D11*0.1 -> 1.5705163e+10 | E17: =E11*0.1 -> 0 | F17: =F11*0.1 -> 0 | G17: =G11*0.1 -> 0 | H17: =H11*0.1 -> 0 | I17: =I11*0.1 -> 0 | J17: =J11*0.1 -> 0
A18: پروژه واحدهای 56 و 57 آبادان | B18: تعدیل 4 (ص و 10) | C18: مبلغ ناخالص | E18: 53475129273
C19: بیمه (5%) | D19: =-(D18*0.05) -> 0 | E19: =-(E18*0.05) -> -2.6737565e+09 | F19: =-(F18*0.05) -> 0 | G19: =-(G18*0.05) -> 0 | H19: =-(H18*0.05) -> 0 | I19: =-(I18*0.05) -> 0 | J19: =-(J18*0.05) -> 0
C20: پیش دریافت (20%)
C21: حسن انجام کار (10%) | D21: =-(D18*0.1) -> 0 | E21: =-(E18*0.1) -> -5.3475129e+09 | F21: =-(F18*0.1) -> 0 | G21: =-(G18*0.1) -> 0 | H21: =-(H18*0.1) -> 0 | I21: =-(I18*0.1) -> 0 | J21: =-(J18*0.1) -> 0
C22: سایر کسورات
C23: مبلغ خالص | D23: =D18+D19+D20+D21+D22 -> 0 | E23: =E18+E19+E20+E21+E22 -> 4.545386e+10 | F23: =F18+F19+F20+F21+F22 -> 0 | G23: =G18+G19+G20+G21+G22 -> 0 | H23: =H18+H19+H20+H21+H22 -> 0 | I23: =I18+I19+I20+I21+I22 -> 0 | J23: =J18+J19+J20+J21+J22 -> 0
C24: ارزش افزوده | D24: =D18*0.1 -> 0 | E24: =E18*0.1 -> 5.3475129e+09 | F24: =F18*0.1 -> 0 | G24: =G18*0.1 -> 0 | H24: =H18*0.1 -> 0 | I24: =I18*0.1 -> 0 | J24: =J18*0.1 -> 0
A25: پروژه واحدهای 56 و 57 آبادان | B25: تعدیل 5 (ص و 11) | C25: مبلغ ناخالص | E25: 44759714422
C26: بیمه (5%) | D26: =-(D25*0.05) -> 0 | E26: =-(E25*0.05) -> -2.2379857e+09 | F26: =-(F25*0.05) -> 0 | G26: =-(G25*0.05) -> 0 | H26: =-(H25*0.05) -> 0 | I26: =-(I25*0.05) -> 0 | J26: =-(J25*0.05) -> 0
C27: پیش دریافت (20%)
C28: حسن انجام کار (10%) | D28: =-(D25*0.1) -> 0 | E28: =-(E25*0.1) -> -4.4759714e+09 | F28: =-(F25*0.1) -> 0 | G28: =-(G25*0.1) -> 0 | H28: =-(H25*0.1) -> 0 | I28: =-(I25*0.1) -> 0 | J28: =-(J25*0.1) -> 0
C29: سایر کسورات
C30: مبلغ خالص | D30: =D25+D26+D27+D28+D29 -> 0 | E30: =E25+E26+E27+E28+E29 -> 3.8045757e+10 | F30: =F25+F26+F27+F28+F29 -> 0 | G30: =G25+G26+G27+G28+G29 -> 0 | H30: =H25+H26+H27+H28+H29 -> 0 | I30: =I25+I26+I27+I28+I29 -> 0 | J30: =J25+J26+J27+J28+J29 -> 0
C31: ارزش افزوده | D31: =D25*0.1 -> 0 | E31: =E25*0.1 -> 4.4759714e+09 | F31: =F25*0.1 -> 0 | G31: =G25*0.1 -> 0 | H31: =H25*0.1 -> 0 | I31: =I25*0.1 -> 0 | J31: =J25*0.1 -> 0
A32: پروژه واحدهای 56 و 57 آبادان | B32: صورت وضعیت 12 (دی) | C32: مبلغ ناخالص | E32: 241312500000
C33: بیمه (5%) | D33: =-(D32*0.05) -> 0 | E33: =-(E32*0.05) -> -12065625000 | F33: =-(F32*0.05) -> 0 | G33: =-(G32*0.05) -> 0 | H33: =-(H32*0.05) -> 0 | I33: =-(I32*0.05) -> 0 | J33: =-(J32*0.05) -> 0
C34: پیش دریافت (20%) | D34: =-(D32*0.2) -> 0 | E34: =-(E32*0.2) -> -48262500000 | F34: =-(F32*0.2) -> 0 | G34: =-(G32*0.2) -> 0 | H34: =-(H32*0.2) -> 0 | I34: =-(I32*0.2) -> 0 | J34: =-(J32*0.2) -> 0
C35: حسن انجام کار (10%) | D35: =-(D32*0.1) -> 0 | E35: =-(E32*0.1) -> -24131250000 | F35: =-(F32*0.1) -> 0 | G35: =-(G32*0.1) -> 0 | H35: =-(H32*0.1) -> 0 | I35: =-(I32*0.1) -> 0 | J35: =-(J32*0.1) -> 0
C36: سایر کسورات
C37: مبلغ خالص | D37: =D32+D33+D34+D35+D36 -> 0 | E37: =E32+E33+E34+E35+E36 -> 156853125000 | F37: =F32+F33+F34+F35+F36 -> 0 | G37: =G32+G33+G34+G35+G36 -> 0 | H37: =H32+H33+H34+H35+H36 -> 0 | I37: =I32+I33+I34+I35+I36 -> 0 | J37: =J32+J33+J34+J35+J36 -> 0
C38: ارزش افزوده | D38: =D32*0.1 -> 0 | E38: =E32*0.1 -> 24131250000 | F38: =F32*0.1 -> 0 | G38: =G32*0.1 -> 0 | H38: =H32*0.1 -> 0 | I38: =I32*0.1 -> 0 | J38: =J32*0.1 -> 0
A39: پروژه واحدهای 56 و 57 آبادان | B39: تعدیل 6 (ص و 12) | C39: مبلغ ناخالص | F39: 96525000000
C40: بیمه (5%) | D40: =-(D39*0.05) -> 0 | E40: =-(E39*0.05) -> 0 | F40: =-(F39*0.05) -> -4826250000 | G40: =-(G39*0.05) -> 0 | H40: =-(H39*0.05) -> 0 | I40: =-(I39*0.05) -> 0 | J40: =-(J39*0.05) -> 0
C41: پیش دریافت (20%)
C42: حسن انجام کار (10%) | D42: =-(D39*0.1) -> 0 | E42: =-(E39*0.1) -> 0 | F42: =-(F39*0.1) -> -9652500000 | G42: =-(G39*0.1) -> 0 | H42: =-(H39*0.1) -> 0 | I42: =-(I39*0.1) -> 0 | J42: =-(J39*0.1) -> 0
C43: سایر کسورات
C44: مبلغ خالص | D44: =D39+D40+D41+D42+D43 -> 0 | E44: =E39+E40+E41+E42+E43 -> 0 | F44: =F39+F40+F41+F42+F43 -> 82046250000 | G44: =G39+G40+G41+G42+G43 -> 0 | H44: =H39+H40+H41+H42+H43 -> 0 | I44: =I39+I40+I41+I42+I43 -> 0 | J44: =J39+J40+J41+J42+J43 -> 0
C45: ارزش افزوده | D45: =D39*0.1 -> 0 | E45: =E39*0.1 -> 0 | F45: =F39*0.1 -> 9652500000 | G45: =G39*0.1 -> 0 | H45: =H39*0.1 -> 0 | I45: =I39*0.1 -> 0 | J45: =J39*0.1 -> 0
A46: پروژه واحدهای 56 و 57 آبادان | B46: صورت وضعیت 13 (بهمن) | C46: مبلغ ناخالص | F46: =241312500000+38017482517 -> 279329982517
C47: بیمه (5%) | D47: =-(D46*0.05) -> 0 | E47: =-(E46*0.05) -> 0 | F47: =-(F46*0.05) -> -1.3966499e+10 | G47: =-(G46*0.05) -> 0 | H47: =-(H46*0.05) -> 0 | I47: =-(I46*0.05) -> 0 | J47: =-(J46*0.05) -> 0
C48: پیش دریافت (20%) | D48: =-(D46*0.2) -> 0 | E48: =-(E46*0.2) -> 0 | F48: =-(F46*0.2) -> -5.5865997e+10 | G48: =-(G46*0.2) -> 0 | H48: =-(H46*0.2) -> 0 | I48: =-(I46*0.2) -> 0 | J48: =-(J46*0.2) -> 0
C49: حسن انجام کار (10%) | D49: =-(D46*0.1) -> 0 | E49: =-(E46*0.1) -> 0 | F49: =-(F46*0.1) -> -2.7932998e+10 | G49: =-(G46*0.1) -> 0 | H49: =-(H46*0.1) -> 0 | I49: =-(I46*0.1) -> 0 | J49: =-(J46*0.1) -> 0
C50: سایر کسورات
C51: مبلغ خالص | D51: =D46+D47+D48+D49+D50 -> 0 | E51: =E46+E47+E48+E49+E50 -> 0 | F51: =F46+F47+F48+F49+F50 -> 1.8156449e+11 | G51: =G46+G47+G48+G49+G50 -> 0 | H51: =H46+H47+H48+H49+H50 -> 0 | I51: =I46+I47+I48+I49+I50 -> 0 | J51: =J46+J47+J48+J49+J50 -> 0
C52: ارزش افزوده | D52: =D46*0.1 -> 0 | E52: =E46*0.1 -> 0 | F52: =F46*0.1 -> 2.7932998e+10 | G52: =G46*0.1 -> 0 | H52: =H46*0.1 -> 0 | I52: =I46*0.1 -> 0 | J52: =J46*0.1 -> 0
A53: پروژه واحدهای 56 و 57 آبادان | B53: تعدیل 6 (ص و 12) | C53: مبلغ ناخالص | G53: 1.1173199e+11
C54: بیمه (5%) | D54: =-(D53*0.05) -> 0 | E54: =-(E53*0.05) -> 0 | F54: =-(F53*0.05) -> 0 | G54: =-(G53*0.05) -> -5.5865997e+09 | H54: =-(H53*0.05) -> 0 | I54: =-(I53*0.05) -> 0 | J54: =-(J53*0.05) -> 0
C55: پیش دریافت (20%)
C56: حسن انجام کار (10%) | D56: =-(D53*0.1) -> 0 | E56: =-(E53*0.1) -> 0 | F56: =-(F53*0.1) -> 0 | G56: =-(G53*0.1) -> -1.1173199e+10 | H56: =-(H53*0.1) -> 0 | I56: =-(I53*0.1) -> 0 | J56: =-(J53*0.1) -> 0
C57: سایر کسورات
C58: مبلغ خالص | D58: =D53+D54+D55+D56+D57 -> 0 | E58: =E53+E54+E55+E56+E57 -> 0 | F58: =F53+F54+F55+F56+F57 -> 0 | G58: =G53+G54+G55+G56+G57 -> 9.4972194e+10 | H58: =H53+H54+H55+H56+H57 -> 0 | I58: =I53+I54+I55+I56+I57 -> 0 | J58: =J53+J54+J55+J56+J57 -> 0
C59: ارزش افزوده | D59: =D53*0.1 -> 0 | E59: =E53*0.1 -> 0 | F59: =F53*0.1 -> 0 | G59: =G53*0.1 -> 1.1173199e+10 | H59: =H53*0.1 -> 0 | I59: =I53*0.1 -> 0 | J59: =J53*0.1 -> 0
A60: پروژه واحدهای 56 و 57 آبادان | B60: صورت وضعیت 14 (اسفند) | C60: مبلغ ناخالص | I60: 279329982517
C61: بیمه (5%) | D61: =-(D60*0.05) -> 0 | E61: =-(E60*0.05) -> 0 | F61: =-(F60*0.05) -> 0 | G61: =-(G60*0.05) -> 0 | H61: =-(H60*0.05) -> 0 | I61: =-(I60*0.05) -> -1.3966499e+10 | J61: =-(J60*0.05) -> 0
C62: پیش دریافت (20%) | D62: =-(D60*0.2) -> 0 | E62: =-(E60*0.2) -> 0 | F62: =-(F60*0.2) -> 0 | G62: =-(G60*0.2) -> 0 | H62: =-(H60*0.2) -> 0 | I62: =-(I60*0.2) -> -5.5865997e+10 | J62: =-(J60*0.2) -> 0
C63: حسن انجام کار (10%) | D63: =-(D60*0.1) -> 0 | E63: =-(E60*0.1) -> 0 | F63: =-(F60*0.1) -> 0 | G63: =-(G60*0.1) -> 0 | H63: =-(H60*0.1) -> 0 | I63: =-(I60*0.1) -> -2.7932998e+10 | J63: =-(J60*0.1) -> 0
C64: سایر کسورات
C65: مبلغ خالص | D65: =D60+D61+D62+D63+D64 -> 0 | E65: =E60+E61+E62+E63+E64 -> 0 | F65: =F60+F61+F62+F63+F64 -> 0 | G65: =G60+G61+G62+G63+G64 -> 0 | H65: =H60+H61+H62+H63+H64 -> 0 | I65: =I60+I61+I62+I63+I64 -> 1.8156449e+11 | J65: =J60+J61+J62+J63+J64 -> 0
C66: ارزش افزوده | D66: =D60*0.1 -> 0 | E66: =E60*0.1 -> 0 | F66: =F60*0.1 -> 0 | G66: =G60*0.1 -> 0 | H66: =H60*0.1 -> 0 | I66: =I60*0.1 -> 2.7932998e+10 | J66: =J60*0.1 -> 0
C67: مبلغ ناخالص
C68: بیمه (5%) | D68: =-(D67*0.05) -> 0 | E68: =-(E67*0.05) -> 0 | F68: =-(F67*0.05) -> 0 | G68: =-(G67*0.05) -> 0 | H68: =-(H67*0.05) -> 0 | I68: =-(I67*0.05) -> 0 | J68: =-(J67*0.05) -> 0
C69: پیش دریافت (20%)
C70: حسن انجام کار (10%) | D70: =-(D67*0.1) -> 0 | E70: =-(E67*0.1) -> 0 | F70: =-(F67*0.1) -> 0 | G70: =-(G67*0.1) -> 0 | H70: =-(H67*0.1) -> 0 | I70: =-(I67*0.1) -> 0 | J70: =-(J67*0.1) -> 0
C71: سایر کسورات
C72: مبلغ خالص | D72: =D67+D68+D69+D70+D71 -> 0 | E72: =E67+E68+E69+E70+E71 -> 0 | F72: =F67+F68+F69+F70+F71 -> 0 | G72: =G67+G68+G69+G70+G71 -> 0 | H72: =H67+H68+H69+H70+H71 -> 0 | I72: =I67+I68+I69+I70+I71 -> 0 | J72: =J67+J68+J69+J70+J71 -> 0
C73: ارزش افزوده | D73: =D67*0.1 -> 0 | E73: =E67*0.1 -> 0 | F73: =F67*0.1 -> 0 | G73: =G67*0.1 -> 0 | H73: =H67*0.1 -> 0 | I73: =I67*0.1 -> 0 | J73: =J67*0.1 -> 0
C74: مبلغ ناخالص
C75: بیمه (5%) | D75: =-(D74*0.05) -> 0 | E75: =-(E74*0.05) -> 0 | F75: =-(F74*0.05) -> 0 | G75: =-(G74*0.05) -> 0 | H75: =-(H74*0.05) -> 0 | I75: =-(I74*0.05) -> 0 | J75: =-(J74*0.05) -> 0
C76: پیش دریافت (20%)
C77: حسن انجام کار (10%) | D77: =-(D74*0.1) -> 0 | E77: =-(E74*0.1) -> 0 | F77: =-(F74*0.1) -> 0 | G77: =-(G74*0.1) -> 0 | H77: =-(H74*0.1) -> 0 | I77: =-(I74*0.1) -> 0 | J77: =-(J74*0.1) -> 0
C78: سایر کسورات
C79: مبلغ خالص | D79: =D74+D75+D76+D77+D78 -> 0 | E79: =E74+E75+E76+E77+E78 -> 0 | F79: =F74+F75+F76+F77+F78 -> 0 | G79: =G74+G75+G76+G77+G78 -> 0 | H79: =H74+H75+H76+H77+H78 -> 0 | I79: =I74+I75+I76+I77+I78 -> 0 | J79: =J74+J75+J76+J77+J78 -> 0
C80: ارزش افزوده | D80: =D74*0.1 -> 0 | E80: =E74*0.1 -> 0 | F80: =F74*0.1 -> 0 | G80: =G74*0.1 -> 0 | H80: =H74*0.1 -> 0 | I80: =I74*0.1 -> 0 | J80: =J74*0.1 -> 0
C81: مبلغ ناخالص
C82: بیمه (5%) | D82: =-(D81*0.05) -> 0 | E82: =-(E81*0.05) -> 0 | F82: =-(F81*0.05) -> 0 | G82: =-(G81*0.05) -> 0 | H82: =-(H81*0.05) -> 0 | I82: =-(I81*0.05) -> 0 | J82: =-(J81*0.05) -> 0
C83: پیش دریافت (20%)
C84: حسن انجام کار (10%) | D84: =-(D81*0.1) -> 0 | E84: =-(E81*0.1) -> 0 | F84: =-(F81*0.1) -> 0 | G84: =-(G81*0.1) -> 0 | H84: =-(H81*0.1) -> 0 | I84: =-(I81*0.1) -> 0 | J84: =-(J81*0.1) -> 0
C85: سایر کسورات
C86: مبلغ خالص | D86: =D81+D82+D83+D84+D85 -> 0 | E86: =E81+E82+E83+E84+E85 -> 0 | F86: =F81+F82+F83+F84+F85 -> 0 | G86: =G81+G82+G83+G84+G85 -> 0 | H86: =H81+H82+H83+H84+H85 -> 0 | I86: =I81+I82+I83+I84+I85 -> 0 | J86: =J81+J82+J83+J84+J85 -> 0
C87: ارزش افزوده | D87: =D81*0.1 -> 0 | E87: =E81*0.1 -> 0 | F87: =F81*0.1 -> 0 | G87: =G81*0.1 -> 0 | H87: =H81*0.1 -> 0 | I87: =I81*0.1 -> 0 | J87: =J81*0.1 -> 0
C88: مبلغ ناخالص
C89: بیمه (5%) | D89: =-(D88*0.05) -> 0 | E89: =-(E88*0.05) -> 0 | F89: =-(F88*0.05) -> 0 | G89: =-(G88*0.05) -> 0 | H89: =-(H88*0.05) -> 0 | I89: =-(I88*0.05) -> 0 | J89: =-(J88*0.05) -> 0
C90: پیش دریافت (20%)
C91: حسن انجام کار (10%) | D91: =-(D88*0.1) -> 0 | E91: =-(E88*0.1) -> 0 | F91: =-(F88*0.1) -> 0 | G91: =-(G88*0.1) -> 0 | H91: =-(H88*0.1) -> 0 | I91: =-(I88*0.1) -> 0 | J91: =-(J88*0.1) -> 0
C92: سایر کسورات
C93: مبلغ خالص | D93: =D88+D89+D90+D91+D92 -> 0 | E93: =E88+E89+E90+E91+E92 -> 0 | F93: =F88+F89+F90+F91+F92 -> 0 | G93: =G88+G89+G90+G91+G92 -> 0 | H93: =H88+H89+H90+H91+H92 -> 0 | I93: =I88+I89+I90+I91+I92 -> 0 | J93: =J88+J89+J90+J91+J92 -> 0
C94: ارزش افزوده | D94: =D88*0.1 -> 0 | E94: =E88*0.1 -> 0 | F94: =F88*0.1 -> 0 | G94: =G88*0.1 -> 0 | H94: =H88*0.1 -> 0 | I94: =I88*0.1 -> 0 | J94: =J88*0.1 -> 0
C95: مبلغ ناخالص
C96: بیمه (5%) | D96: =-(D95*0.05) -> 0 | E96: =-(E95*0.05) -> 0 | F96: =-(F95*0.05) -> 0 | G96: =-(G95*0.05) -> 0 | H96: =-(H95*0.05) -> 0 | I96: =-(I95*0.05) -> 0 | J96: =-(J95*0.05) -> 0
C97: پیش دریافت (20%)
C98: حسن انجام کار (10%) | D98: =-(D95*0.1) -> 0 | E98: =-(E95*0.1) -> 0 | F98: =-(F95*0.1) -> 0 | G98: =-(G95*0.1) -> 0 | H98: =-(H95*0.1) -> 0 | I98: =-(I95*0.1) -> 0 | J98: =-(J95*0.1) -> 0
C99: سایر کسورات
C100: مبلغ خالص | D100: =D95+D96+D97+D98+D99 -> 0 | E100: =E95+E96+E97+E98+E99 -> 0 | F100: =F95+F96+F97+F98+F99 -> 0 | G100: =G95+G96+G97+G98+G99 -> 0 | H100: =H95+H96+H97+H98+H99 -> 0 | I100: =I95+I96+I97+I98+I99 -> 0 | J100: =J95+J96+J97+J98+J99 -> 0
...

Sheet خروجی 
A1: راه اندازی آبادان | I1: مهندسی صومعه سرا | P1: دفتر مرکزی
A2: شرح | B2: بهمن 1403 | C2: اسفند 1403 | F2: فروردین 1404 | I2: بهمن 1403 | J2: اسفند 1403 | M2: فروردین 1404 | P2: بهمن 1403 | Q2: اسفند 1403 | T2: فروردین 1404
B3: 30 | C3: 10 | D3: 20 | E3: 30 | F3: 10 | G3: 20 | H3: 30 | I3: 30 | J3: 10 | K3: 20 | L3: 30 | M3: 10 | N3: 20 | O3: 30 | P3: 30 | Q3: 10 | R3: 20 | S3: 30 | T3: 10 | U3: 20 | V3: 30
A4: حقوق | B4: 0 | C4: 62000000000 | F4: 62000000000 | I4: 3500000000 | L4: 3500000000 | P4: 6500000000 | S4: 6500000000
A5: بیمه | B5: 5400000000 | E5: 5400000000 | H5: 7400000000 | I5: 800000000 | L5: 800000000 | O5: 1000000000 | P5: 180000000 | S5: 180000000 | V5: 300000000
A6: مالیات | B6: =15210047498+2750000000 -> 17960047498 | C6: 7605023749 | E6: 2750000000 | H6: 4000000000 | I6: 400000000 | L6: 400000000 | O6: 600000000 | P6: 130000000 | S6: 130000000 | V6: 130000000
A7: مالیات معوق | B7: 7780000000 | I7: 720000000 | P7: 2010000000
A8: اثاثه | H8: 250000000 | V8: 550000000
A9: اجاره | C9: 1175000000 | F9: 1175000000 | J9: 280000000 | M9: 280000000 | Q9: 221000000 | T9: 221000000
A10: هدایا | C10: 5000000000 | D10: 5000000000 | H10: 500000000
A11: عیدی | D11: 55000000000 | I11: 3500000000 | P11: 6500000000
A12: تنخواه | B12: 1500000000 | C12: 1500000000 | D12: 1500000000 | E12: 2500000000 | F12: 2200000000 | H12: 1300000000 | P12: 1000000000 | Q12: 1000000000 | R12: 6000000000 | V12: 2000000000
A13: سایر | D13: 90000000000 | P13: =1500000000+1500000000 -> 3000000000 | S13: 3500000000
A14: جمع | B14: =SUM(B4:B13) -> 32640047498 | C14: =SUM(C4:C13) -> 77280023749 | D14: =SUM(D4:D13) -> 151500000000 | E14: =SUM(E4:E13) -> 10650000000 | F14: =SUM(F4:F13) -> 65375000000 | G14: =SUM(G4:G13) -> 0 | H14: =SUM(H4:H13) -> 13450000000 | I14: =SUM(I4:I13) -> 8920000000 | ... V14: =SUM(V4:V13) -> 2980000000

Sheet Operational Income
A2: شرح | C2: بهمن 1403 | E2: اسفند 1403 | K2: فروردین 1404
C3: 30 | E3: 10 | H3: 20 | J3: 30 | K3: 10 | L3: 20 | N3: 30
C4: آبادان | D4: صومعه سرا- مهندسی تفصیلی | E4: صومعه سرا- مهندسی تفصیلی | F4: صومعه سرا- مهندسی خرید | G4: آبادان | H4: صومعه سرا- مهندسی تفصیلی | I4: آبادان | J4: آبادان | L4: صومعه سرا- مهندسی تفصیلی | M4: آبادان
A5: محاسبه خالص ورودی های عملیاتی | B5: مبلغ ناخالص | C5: =47910729957+157051629551 -> 204962359508 | D5: =7247861000+4163917000+2637180750+1518740250+4182407750 -> 19750106750 | E5: =3717640250+4528734500+2529734500 -> 10776109250 | F5: =8750129926 -> 8750129926 | G5: =53475129273+44759714422+169000000000 -> 267234843695 | H5: 800000000 | I5: =96525000000+169000000000 -> 265525000000 | J5: =0.4*169000000000 -> 67600000000 | L5: 3570000000 | M5: 220350000000
B6: بیمه (5%) | C6: =-(C5*0.05) -> -1.0248118e+10 | D6: =-(D5*0.05) -> -9.8750534e+08 | E6: =-(E5*0.05) -> -5.3880546e+08 | F6: =-(F5*0.05) -> -4.375065e+08 | G6: =-(G5*0.05) -> -1.3361742e+10 | H6: =-(H5*0.05) -> -40000000 | I6: =-(I5*0.05) -> -13276250000 | J6: =-(J5*0.05) -> -3380000000 | ... N6: =-(N5*0.05) -> 0
B7: پیش دریافت | C7: -31410325910 | D7: =-0.3*D5 -> -5925032025 | E7: =-0.3*E5 -> -3232832775 | H7: =-0.3*H5 -> -240000000 | L7: =-0.3*L5 -> -1071000000
B8: حسن انجام کار | C8: =-(C5*0.1) -> -2.0496236e+10 | D8: =-(D5*0.1) -> -1975010675 | E8: =-(E5*0.1) -> -1077610925 | F8: =-(F5*0.1) -> -8.7501299e+08 | G8: =-(G5*0.1) -> -2.6723484e+10 | H8: =-(H5*0.1) -> -80000000 | I8: =-(I5*0.1) -> -26552500000 | J8: =-(J5*0.1) -> -6760000000 | ... N8: =-(N5*0.1) -> 0
B9: سایر کسورات
B10: مبلغ خالص | C10: =C5+C6+C7+C8+C9 -> 1.4280768e+11 | D10: =D5+D6+D7+D8+D9 -> 1.0862559e+10 | E10: =E5+E6+E7+E8+E9 -> 5.9268601e+09 | F10: =F5+F6+F7+F8+F9 -> 7.4376104e+09 | G10: =G5+G6+G7+G8+G9 -> 2.2714962e+11 | H10: =H5+H6+H7+H8+H9 -> 440000000 | I10: =I5+I6+I7+I8+I9 -> 225696250000 | J10: =J5+J6+J7+J8+J9 -> 57460000000 | K10: =K5+K6+K7+K8+Z8 -> 0 | L10: =L5+L6+L7+L8+L9 -> 1963500000 | M10: =M5+M6+M7+M8+M9 -> 187297500000 | N10: =N5+N6+N7+N8+N9 -> 0
B11: ارزش افزوده | C11: =C5*0.1 -> 2.0496236e+10 | D11: =D5*0.1 -> 1975010675 | E11: =E5*0.1 -> 1077610925 | F11: =F5*0.1 -> 8.7501299e+08 | G11: =G5*0.1 -> 2.6723484e+10 | H11: =H5*0.1 -> 80000000 | I11: =I5*0.1 -> 26552500000 | J11: =J5*0.1 -> 6760000000 | ... N11: =N5*0.1 -> 0

Sheet Cash Flow
A1: جریان وجوه نقد ایده تدبیر مهام
A2: ردیف | B2: شرح | F2: بهمن 1403 | G2: اسفند 1403 | J2: فروردین 1404
F3: 30 | G3: 10 | H3: 20 | I3: 30 | J3: 10 | K3: 20 | L3: 30
A4: مانده پایان دوره | F4: =F5+F6-F26 -> 1.0218174e+11 | G4: =G5+G6-G26 -> 2.889148e+11 | H4: =H5+H6-H26 -> 3.5755105e+11 | I4: =I5+I6-I26 -> 3.8935105e+11 | J4: =J5+J6-J26 -> 3.2347505e+11 | K4: =K5+K6-K26 -> 5.1273605e+11 | L4: =L5+L6-L26 -> 4.9725605e+11
A5: 1 | C5: مانده اول دوره | F5: 9391546552 | G5: =F4 -> 1.0218174e+11 | H5: =G4 -> 2.889148e+11 | I5: =H4 -> 3.5755105e+11 | J5: =I4 -> 3.8935105e+11 | K5: =J4 -> 3.2347505e+11 | L5: =K4 -> 5.1273605e+11
A6: 2 | B6: جریان های نقدی ورودی | F6: =F7+F18 -> 1.7614149e+11 | G6: =G7+G18 -> 2.931902e+11 | H6: =H7+H18 -> 252768750000 | I6: =I7+I18 -> 64220000000 | J6: =J7+J18 -> 0 | K6: =K7+K18 -> 211653000000 | L6: =L7+L18 -> 0
A7: 2.1 | C7: ورودی عملیاتی | F7: =SUM(F8:F17) -> 1.5367024e+11 | G7: =SUM(G8:G17) -> 2.4051409e+11 | H7: =SUM(H8:H17) -> 226136250000 | I7: =SUM(I8:I17) -> 57460000000 | J7: =SUM(J8:J17) -> 0 | K7: =SUM(K8:K17) -> 189261000000 | L7: =SUM(L8:L17) -> 0
A8: 2.1.1 | D8: پیش دریافت قرارداد
A9: 2.1.2 | D9: علی الحساب دریافتی
A10: 2.1.3 | D10: خدمات مهندسی | F10: ='Operational Income'!D10 -> 1.0862559e+10 | G10: ='Operational Income'!E10+'Operational Income'!F10 -> 1.3364471e+10 | H10: ='Operational Income'!H10 -> 440000000 | K10: ='Operational Income'!L10 -> 1963500000
A11: 2.1.4 | D11: تامین کالا | V11: ='Operational Income'!I10 -> 225696250000
A12: 2.1.5 | D12: راه اندازی | F12: ='Operational Income'!C10 -> 1.4280768e+11 | G12: ='Operational Income'!G10 -> 2.2714962e+11 | H12: ='Operational Income'!I10 -> 225696250000 | I12: ='Operational Income'!J10 -> 57460000000 | J12: ='Operational Income'!K10+'Operational Income'!K11 -> 0 | K12: ='Operational Income'!M10 -> 187297500000 | L12: ='Operational Income'!N10 -> 0
A13: 2.1.6 | D13: خدمات آموزش
A14: 2.1.7 | D14: آزادسازی سپرده بیمه
A15: 2.1.8 | D15: آزادسازی سپرده حسن انجام کار
A16: 2.1.9 | D16: برگشت سپرده نقدی ضمانت نامه
A17: 2.1.10 | D17: سایر دریافت های عملیاتی
A18: 2.2 | C18: ورودی غیرعملیاتی | F18: =SUM(F19:F25) -> 2.2471247e+10 | G18: =SUM(G19:G25) -> 5.2676108e+10 | H18: =SUM(H19:H25) -> 26632500000 | I18: =SUM(I19:I25) -> 6760000000 | J18: =SUM(J19:J25) -> 0 | K18: =SUM(K19:K25) -> 22392000000 | L18: =SUM(L19:L25) -> 0
A19: 2.2.1 | D19: تسهیلات بانکی
A20: 2.2.2 | D20: سود سپرده
A21: 2.2.3 | D21: افزایش سرمایه (آورده نقدی)
A22: 2.2.4 | D22: سود حاصل از سرمایه گذاری
A23: 2.2.5 | D23: فروش دارایی ها | G23: 24000000000
A24: 2.2.6 | D24: ارزش افزوده | F24: ='Operational Income'!D11+'Operational Income'!C11 -> 2.2471247e+10 | G24: ='Operational Income'!E11+'Operational Income'!F11+'Operational Income'!G11 -> 2.8676108e+10 | H24: ='Operational Income'!H11+'Operational Income'!I11 -> 26632500000 | I24: ='Operational Income'!J11 -> 6760000000 | K24: ='Operational Income'!L11+'Operational Income'!M11 -> 22392000000
A25: 2.2.6 | D25: سایر دریافت های غیرعملیاتی
A26: 3 | B26: جریان های نقدی خروجی | F26: =F27+F36 -> 8.3351294e+10 | G26: =G27+G36 -> 1.0645713e+11 | H26: =H27+H36 -> 184132500000 | I26: =I27+I36 -> 32420000000 | J26: =J27+J36 -> 65876000000 | K26: =K27+K36 -> 22392000000 | L26: =L27+L36 -> 15480000000
A27: 3.1 | C27: خروجی های عملیاتی | F27: =SUM(F28:F35) -> 41560047498 | G27: =SUM(G28:G35) -> 77560023749 | H27: =SUM(H28:H35) -> 151500000000 | I27: =SUM(I28:I35) -> 15350000000 | J27: =SUM(J28:J35) -> 65655000000 | K27: =SUM(K28:K35) -> 0 | L27: =SUM(L28:L35) -> 15050000000
A28: 3.1.1 | D28: هزینه خدمات مهندسی | F28: ='خروجی '!I14 -> 8920000000 | G28: ='خروجی '!J14 -> 280000000 | H28: ='خروجی '!K14 -> 0 | I28: ='خروجی '!L14 -> 4700000000 | J28: ='خروجی '!M14 -> 280000000 | K28: ='خروجی '!N14 -> 0 | L28: ='خروجی '!O14 -> 1600000000
A29: 3.1.2 | D29: هزینه تامین کالا
A30: 3.1.3 | D30: هزینه راه اندازی | F30: ='خروجی '!B14 -> 32640047498 | G30: ='خروجی '!C14 -> 77280023749 | H30: ='خروجی '!D14 -> 151500000000 | I30: ='خروجی '!E14 -> 10650000000 | J30: ='خروجی '!F14 -> 65375000000 | K30: ='خروجی '!G14 -> 0 | L30: ='خروجی '!H14 -> 13450000000
A31: 3.1.4 | D31: هزینه خدمات آموزش
A32: 3.1.5 | D32: سپرده نقدی ضمانت نامه
A33: 3.1.6 | D33: کارمزد بانکی
A34: 3.1.7 | D34: پرداخت علی الحساب و پیش پرداخت
A35: 3.1.8 | D35: سایر پرداخت های عملیاتی
A36: 3.2 | C36: خروجی های غیر عملیاتی | F36: =SUM(F37:F44) -> 4.1791247e+10 | G36: =SUM(G37:G44) -> 2.8897108e+10 | H36: =SUM(H37:H44) -> 32632500000 | I36: =SUM(I37:I44) -> 17070000000 | J36: =SUM(J37:J44) -> 221000000 | K36: =SUM(K37:K44) -> 22392000000 | L36: =SUM(L37:L44) -> 430000000
A37: 3.2.1 | D37: حقوق و دستمزد | F37: ='خروجی '!P4+'خروجی '!P5+'خروجی '!P6+'خروجی '!P7+'خروجی '!P11 -> 15320000000 | I37: ='خروجی '!S4+'خروجی '!S5+'خروجی '!S6 -> 6810000000 | L37: ='خروجی '!V5+'خروجی '!V6 -> 430000000
A38: 3.2.2 | D38: هزینه های اداری و تشکیلاتی
A39: 3.2.3 | D39: هزینه های توسعه بازار
A40: 3.2.4 | D40: اقساط تسهیلات دریافتی
A41: 3.2.5 | D41: هزینه خدمات مشاور
A42: 3.2.6 | D42: ارزش افزوده | F42: =F24 -> 2.2471247e+10 | G42: =G24 -> 2.8676108e+10 | H42: =H24 -> 26632500000 | I42: =I24 -> 6760000000 | J42: =J24 -> 0 | K42: =K24 -> 22392000000 | L42: =L24 -> 0
A43: 3.2.7 | D43: سربار | F43: ='خروجی '!P12+'خروجی '!P13 -> 4000000000 | G43: ='خروجی '!Q9 -> 221000000 | H43: ='خروجی '!R12 -> 6000000000 | I43: ='خروجی '!S13 -> 3500000000 | J43: ='خروجی '!T9 -> 221000000
A44: 3.2.8 | D44: سایر پرداخت های غیر عملیاتی
